x1,x2,x3,x4,x5,obj1_pred,obj2_pred
21.996227264404297,0.9611899852752686,34.71170425415039,0.8478811979293823,39.268009185791016,5256.5493,0.016988516
